Timestamp;GazeX;GazeY;LeftEye;RightEye
1560289416,75381;622,415700992121;209,925833391776;False;False
1560289430,93175;626,02883301278;209,219399487191;True;True
1560289445,95625;645,554230353713;205,783118588024;True;True
1560289460,61277;650,514833431757;205,845873073691;False;True
1560289476,28692;669,995562312053;206,508739900443;False;True
1560289490,93737;655,320361028987;208,685506216655;True;True
1560289505,6186;647,80275915293;209,331606885293;False;True
1560289520,83621;659,066767459689;204,05820267628;True;True
1560289535,93027;654,150111413712;205,060188864159;True;True
1560289566,96344;668,96245294161;197,743226097115;True;True
1560289580,71182;656,358018082345;202,939860368659;False;True
1560289595,74582;657,291556755483;207,232926586717;False;True
1560289611,13753;672,082556367573;198,56214781813;False;True
1560289626,30534;651,938686757797;206,615755580363;True;True
1560289640,96795;639,087637099787;211,137652365277;False;True
1560289655,81226;678,004371415891;198,30720650085;False;True
1560289670,14681;662,020291853902;208,217760088483;False;True
1560289685,9943;656,105466793181;211,952720468563;False;True
1560289716,81422;612,254959207659;236,241459566188;False;True
1560289730,79638;620,995884623528;241,608000831672;False;True
1560289745,85585;653,562537125906;216,266137035546;False;True
1560289760,89632;650,939676019833;225,510450324237;False;True
1560289775,8714;659,326862012154;224,926649439111;False;True
1560289791,08406;655,749279302687;225,382286807486;True;True
1560289806,1709;670,227105133705;215,752456413557;False;True
1560289822,27917;677,445405073505;212,692155530113;False;True
1560289836,18644;700,2685648593;212,332711846142;True;True
1560289866,74748;708,260144373253;215,947734448816;False;True
1560289880,99726;720,387989177042;213,538616306933;True;True
1560289895,89366;710,236439576296;214,632640212205;False;True
1560289910,76496;704,750965139518;219,427285642267;False;True
1560289926,60143;736,027618975132;212,474812677987;True;True
1560289941,03671;730,487231976336;210,85679628548;True;True
1560289956,0194;733,171999619431;208,789841195131;True;True
1560289971,04199;733,887553577482;206,617344962174;True;True
1560289985,67875;712,505408260977;214,03715279527;False;True
1560290016,99512;726,864116242872;207,949973387479;True;True
1560290030,89214;714,715435876351;209,916202078873;False;True
1560290045,72885;721,53680212666;215,576344917976;False;True
1560290075,39923;696,046250609096;216,240897016835;False;True
1560290090,78295;604,822474017362;225,083732030824;False;True
1560290120,45942;592,78681084449;230,814134953598;False;True
1560290166,78584;567,255822124975;236,490163217772;False;True
1560290210,41292;473,070545550905;258,167400646176;False;True
1560290225,39408;452,20638250514;273,031307287778;False;True
1560290240,89413;464,203291026756;268,777217722627;False;True
1560290255,74604;487,227736687533;270,501607227143;False;True
1560290270,55044;440,240155790185;258,104216912422;False;True
1560290286,17593;486,233485578596;251,056274508949;False;True
1560290316,69364;487,95385572923;252,737195887543;False;True
1560290330,68188;514,705741583961;249,841114227519;False;True
1560290346,03824;499,072900163124;258,4661563713;True;True
1560290361,14371;492,06105566173;260,050359259384;False;True
1560290376,04998;523,781317702903;250,01576047438;False;True
1560290390,90532;498,973178553484;256,721769908087;False;True
1560290405,96365;495,524713250912;257,341884843311;False;True
1560290421,06798;513,612178987967;254,817102543785;False;True
1560290435,98186;506,777271532308;256,584686398256;True;True
1560290466,82419;494,40911969699;261,992016570206;False;True
1560290480,95917;490,134464115531;264,07744245894;False;True
1560290495,79436;501,247731530801;280,826245941454;False;True
1560290511,07203;513,248342194611;281,241556840874;True;True
1560290525,98895;522,508767149153;279,788843248877;False;True
1560290540,67019;508,659137107179;283,569230167517;False;True
1560290556,00336;532,532964084465;277,321151331798;False;True
1560290571,03089;545,955393622672;274,965993510904;True;True
1560290585,93375;535,784071206578;271,477108501373;False;True
1560290616,36934;509,892479711236;265,714038379469;False;True
1560290631,0061;514,10290462709;265,014921043961;False;True
1560290646,13172;516,445779620098;268,87680694059;False;True
1560290660,6628;525,218107205869;272,272819502521;False;True
1560290675,77815;536,148605329171;275,031937282228;False;True
1560290690,65363;539,872762594352;278,83144700039;False;True
1560290705,87162;543,296317380857;287,293764023336;False;True
1560290720,47911;547,762610687902;289,576795349011;False;True
1560290736,12019;547,505956183732;291,690692199308;True;True
1560290766,80287;545,911721306728;304,938455508259;False;True
1560290780,65883;545,410080689636;307,044147454813;False;True
1560290796,13037;544,86893392328;313,63496121523;False;True
1560290810,5208;572,980344554214;320,953679164833;False;True
1560290825,55708;570,880707647647;316,496056463975;True;True
1560290840,65837;571,50640869891;315,508113400862;True;True
1560290855,71403;578,548925959092;295,40754131385;False;True
1560290870,65908;593,248209936925;282,28147386577;False;True
1560290885,9664;607,349405691737;266,500922989764;False;True
1560290916,94331;618,083761257458;265,623401764142;True;True
1560290931,10946;595,077166512829;273,788470285619;False;True
1560290945,84049;619,390758540242;277,335569749267;True;True
1560290961,07065;626,65515502593;274,604463052892;True;True
1560290976,08336;600,846791775371;267,762317815307;False;True
1560290990,89042;600,02711172275;264,859608584906;False;True
1560291005,65186;620,39517926921;275,830574637676;True;True
1560291020,78698;614,837049267431;274,726267357628;False;True
1560291039,10042;612,945015224198;267,562605126595;False;True
1560291071,08316;588,944266739302;266,667264140327;False;True
1560291085,27934;585,74129897363;265,928437683919;False;True
1560291096,40175;604,227883627428;271,979057602256;True;True
1560291110,56714;603,602513945672;278,23493349399;True;True
1560291125,7167;614,804438737983;279,378246547502;True;True
1560291140,83053;645,276464200473;267,828631614424;True;True
1560291156,1637;640,472191691158;270,412493571114;False;True
1560291170,88143;645,004843686252;266,382894509762;False;True
1560291185,78352;655,257276310469;262,025979185994;True;True
1560291216,90868;653,032084208987;253,776955719139;False;True
1560291230,84903;649,761980719429;263,980629454239;False;True
1560291245,77013;628,602878291445;274,325837888767;False;True
1560291260,82694;635,350345246876;280,354698592152;True;True
1560291275,92024;645,142472003789;260,515245967516;True;True
1560291291,88254;638,005896378463;262,707761600174;False;True
1560291305,72975;641,749238428229;262,160078177355;False;True
1560291320,98537;652,079188455395;259,743676534262;True;True
1560291335,73997;657,337962994456;263,379312987757;False;True
1560291366,929;669,09071836311;264,131453908954;True;True
1560291380,6215;669,364943002826;267,230008690321;True;True
1560291395,94745;694,03562810047;271,433892823234;False;True
1560291411,09739;698,073622896967;276,586731522911;True;True
1560291426,18575;680,081966342984;280,778594361187;False;True
1560291440,65449;685,515670071324;284,164614322256;True;True
1560291455,90821;698,475539934335;275,88535417533;True;True
1560291470,85212;685,445714987321;275,836776991214;True;True
1560291485,94048;688,340314502949;274,96386853158;False;True
1560291530,97786;706,574645735535;266,879256130699;True;True
1560291545,92975;709,23565537386;281,415568825002;True;True
1560291560,64976;688,499775722625;299,544299701253;False;True
1560291575,59101;699,517895906155;294,396981129785;True;True
1560291590,88806;700,523533748917;286,771356433427;True;True
1560291606,15965;689,913865237596;279,257987904643;False;True
1560291621,48559;699,441142407797;274,525663602018;False;True
1560291636,041;726,453910042309;286,881231368308;True;True
1560291666,82975;701,370663581128;283,25979286786;True;True
1560291680,97119;724,062477618276;285,332367648354;True;True
1560291696,1637;716,365491788517;280,128659027583;False;True
1560291711,01942;724,669404553551;279,014989591771;True;True
1560291725,74399;722,023689525267;277,981108081791;True;True
1560291740,34806;711,19492214636;274,835461368096;True;True
1560291755,77322;721,636830969421;274,979985190171;False;True
1560291770,66049;729,837314248943;274,981961137616;True;True
1560291785,94386;721,870934837601;278,881435945445;False;True
1560291816,97513;733,260985823194;279,064701592248;False;True
1560291830,68017;723,885160357812;279,800896072958;False;True
1560291846,24408;731,452891921802;277,750455601027;True;True
1560291861,07851;736,858794305082;276,764127592898;True;True
1560291876,639;752,754771990449;274,230288449446;True;True
1560291890,98648;763,766716342998;269,852494897015;True;True
1560291905,8441;763,525933516933;267,11131159617;True;True
1560291921,435;750,594250255897;274,385806009428;True;True
1560291936,08772;761,517145079234;268,974090367947;False;True
1560291967,52954;745,166514600177;276,529494436461;False;True
1560291980,78298;756,120124753781;274,947787766427;True;True
1560291996,21042;757,688879297562;277,675825893761;True;True
1560292011,30335;758,16417323616;279,483008470869;True;True
1560292025,85724;756,544491253852;283,14610960692;True;True
1560292041,01022;755,665392901838;279,902812746674;True;True
1560292056,58858;755,05610431696;277,692280765508;False;True
1560292070,77753;749,990870948972;275,711041930504;False;True
1560292086,04532;749,385990752262;274,33223931239;True;True
1560292117,0112;746,755745904735;271,229132689999;True;True
1560292130,51136;737,899806577368;271,767950531306;True;True
1560292146,29917;683,358459296874;269,730277748713;False;True
1560292160,55769;630,533624251608;270,402128053548;False;True
1560292176,02353;524,726398362959;305,373419228214;True;True
1560292190,48542;498,358514187152;277,541960856034;False;True
1560292205,50384;496,86205110985;270,050868325048;False;True
1560292221,00579;491,21469767828;272,20782078274;True;True
1560292236,06868;460,833777526935;253,674929334289;False;True
1560292266,72019;450,410684334344;239,833678255682;False;True
1560292281,02547;439,551966316482;234,948789677522;False;True
1560292295,61661;438,918762329052;242,668274179034;False;True
1560292310,68673;438,080317368064;247,962825377507;False;True
1560292325,45919;437,180911608153;248,767672422594;False;True
1560292340,3936;437,106769258175;267,587976367591;False;True
1560292355,64162;438,096244845942;253,9438798142;False;True
1560292370,53535;438,135785076723;254,558568699004;True;True
1560292385,46899;436,051481750153;282,637492918055;False;True
1560292416,79069;452,013132239931;294,159736569486;False;True
1560292430,48737;459,647255342737;284,594416642117;False;True
1560292445,73577;480,410931956073;290,718853185162;True;True
1560292460,84313;484,436001622753;280,279963295133;False;True
1560292475,451;487,590151705997;274,675444701474;False;True
1560292491,17305;510,969581218573;283,092417551235;True;True
1560292505,73492;532,136488157317;298,28780293111;False;True
1560292520,52488;512,208065271113;290,399113808306;False;True
1560292535,97399;538,375441913808;319,566165102178;True;True
1560292566,56734;535,770364743647;323,044552406112;False;True
1560292580,63655;541,106816147458;316,854384309648;True;True
1560292595,35846;528,10785844638;296,521734639793;True;True
1560292610,77412;527,492125572426;284,811240946603;False;True
1560292625,60969;530,234894492865;288,615416449605;True;True
1560292640,25595;524,460665368526;277,154570693573;False;True
1560292655,84343;522,047641710098;273,324122927404;False;True
1560292670,59765;528,679979021462;278,495298405176;False;True
1560292685,90839;524,851435552466;277,346076795641;True;True
1560292716,4223;541,577701550701;284,646276120018;False;True
1560292730,69831;532,546455889327;283,089875901289;True;True
1560292745,70228;538,07517566408;285,465999402992;False;True
1560292760,63896;555,803172995717;276,886023420702;False;True
1560292775,54676;565,929589595063;272,629507758119;False;True
1560292790,77577;578,356952284578;271,059954452242;True;True
1560292805,64441;578,020345252102;271,614998975817;True;True
1560292821,28473;571,071455306815;277,18337156134;True;True
1560292835,96863;576,246143192592;281,211632250387;False;True
1560292867,25991;570,463199950057;290,434742263914;False;True
1560292880,66807;575,366730215735;294,777819367746;False;True
1560292895,82827;582,266463936003;294,106702966806;True;True
1560292910,7049;570,593527807511;285,666053370487;False;True
1560292925,74498;573,18227426323;287,391629143753;False;True
1560292940,94776;584,225412396537;294,418561861088;True;True
1560292956,19236;578,21463873815;293,342949241879;True;True
1560292970,87055;577,568997966951;291,885533030257;False;True
1560292986,22919;596,300943896728;286,944634367863;False;True
1560293016,82786;599,513293677596;286,282255301534;True;True
1560293031,06662;595,644475600371;297,85652325385;True;True
1560293045,95351;589,241866503169;301,375773538394;True;True
1560293060,97078;585,534041506238;304,121048106431;True;True
1560293075,43534;616,689343109931;316,155200011411;True;True
1560293091,03917;615,052897449351;314,229635319156;False;True
1560293105,71508;627,977409007504;313,514698436595;False;True
1560293120,88745;630,242991974547;311,490282036558;True;True
1560293135,98684;629,052144264418;299,709070887602;False;True
1560293166,86605;631,099743929986;284,281107662387;True;True
1560293181,24317;628,235701528892;279,003892152673;True;True
1560293195,83964;637,116116186302;281,022454559185;False;True
1560293210,4399;639,117030919443;282,482520614089;True;True
1560293225,80272;625,632629961136;287,589476970558;True;True
1560293240,78085;627,787213328471;287,188218180416;True;True
1560293255,94979;640,028820109181;290,105043569019;True;True
1560293270,6124;632,55966450875;288,724728057567;False;True
1560293285,67948;631,603154820264;290,657527492295;True;True
1560293330,3238;649,18101788296;295,669703007987;True;True
1560293345,79153;656,139131851054;299,657845776522;True;True
1560293361,15283;640,057416044039;285,219229668071;False;True
1560293375,9884;657,078608971119;293,979580826045;True;True
1560293390,87111;660,194860352426;291,648762745506;True;True
1560293406,02637;649,0071272606;282,278847624683;False;True
1560293420,73574;650,206502190318;285,709698558484;False;True
1560293435,91837;658,377728769803;281,349530595111;True;True
1560293467,01654;665,426062427864;277,534351579044;True;True
1560293481,05345;677,140458340431;280,924562262237;True;True
1560293495,76814;675,844325029119;281,390025603995;True;True
1560293510,98232;680,583007679053;283,429750125628;True;True
1560293525,835;682,122059036962;285,103986391738;True;True
1560293540,80818;684,343596337641;286,820706060667;False;True
1560293555,66237;684,79256284898;286,665896859212;False;True
1560293570,94612;687,199596066188;287,916786602965;False;True
1560293586,26561;687,540197520628;289,371050701832;False;True
1560293617,11631;695,670209827311;284,126535525864;False;True
1560293630,81832;693,013030367169;286,510028254236;True;True
1560293645,92986;690,081889686323;287,963299332372;True;True
1560293660,91103;691,2457781071;281,928781376322;True;True
1560293675,64092;678,104527513256;266,785536876848;False;True
1560293690,88856;680,474166135826;265,558823757498;True;True
1560293706,11909;688,963935511109;268,013812580247;True;True
1560293721,02955;685,840115195592;268,10059771536;True;True
1560293735,87766;691,125520327039;272,292357103296;True;True
1560293766,62915;698,550467343004;283,312869820731;False;True
1560293780,6843;703,269208875607;286,137560554574;False;True
1560293795,73921;715,265925082442;292,384365547337;True;True
1560293810,81084;711,351371918537;302,600111820463;True;True
1560293825,61258;720,981800105149;306,496658522053;True;True
1560293840,20296;719,696670131334;305,440769912624;True;True
1560293855,91703;723,827443975899;303,499543532505;False;True
1560293870,85713;734,067077817777;296,949151671571;True;True
1560293886,03939;743,542260131186;291,570083690236;True;True
1560293916,66885;755,303553258239;295,951163110109;True;False
1560293930,87188;761,146123574507;294,72447038001;True;True
1560293960,75931;737,743817295898;282,742153987851;False;True
1560293975,69676;740,796339541878;276,855728747076;True;True
1560293990,95808;738,392187786365;277,338155167677;False;True
1560294006,00425;732,479677972591;272,746164410149;True;True
1560294020,7866;734,171216162242;273,944737268484;True;True
1560294036,24331;725,188027201091;274,202399016024;True;True
1560294066,89939;735,953187273568;282,983461945237;False;True
1560294081,1944;743,322062834532;282,263522332133;False;True
1560294096,04328;738,630187174782;281,293168451809;True;True
1560294111,1841;759,69948869193;280,573698866019;True;True
1560294126,25763;765,245072104376;291,658602968282;False;True
1560294141,05975;784,431719472934;291,340590558716;True;True
1560294155,79611;789,026229479136;284,660239260066;True;True
1560294171,31212;789,852028452388;293,303111565815;False;True
1560294186,41493;795,3923037519;285,431808661226;True;True
1560294231,17785;801,396840350219;278,062956793737;True;True
1560294246,11567;802,95386199417;278,900971651102;True;True
1560294261,42261;790,300451510292;286,064268358823;True;True
1560294275,89059;794,984250016519;285,746749730921;True;True
1560294290,94094;796,521389519484;289,858321498401;True;True
1560294306,31554;787,268457819398;284,373113136201;False;True
1560294321,18456;790,993659587335;284,236886660011;True;True
1560294335,5176;795,807474163057;280,970249633811;True;True
1560294366,89365;799,720489011778;278,093671229108;True;True
1560294381,20881;798,039126299573;274,35895709205;True;True
1560294396,39677;798,59950841421;271,17417249988;True;True
1560294410,72447;798,157743330883;272,859238716606;False;True
1560294426,27774;798,652478856547;270,90613006758;True;True
1560294440,87953;803,018312488795;274,174091822064;False;True
1560294456,02643;808,069300126567;272,51152529105;False;True
1560294471,07222;818,537890359875;271,064005679137;True;True
1560294485,63143;822,450641072336;271,369507805251;False;True
1560294516,78396;824,732851521098;269,971910005384;True;True
1560294530,32973;823,52366118324;269,735443874491;False;True
1560294545,63324;821,835613999171;269,168703382098;False;True
1560294560,78585;833,756448034013;280,834562089555;True;True
1560294575,42945;833,825991422745;283,40265029095;True;True
1560294590,58661;840,242071591847;281,130643461647;True;True
1560294605,67422;843,254923524469;280,165616605469;True;True
1560294621,01042;837,749865536688;281,478514110792;False;True
1560294635,9034;840,517486976783;280,663676251883;True;True
1560294680,99323;849,452685824499;280,529548569079;True;True
1560294695,70488;872,246520736733;282,383168142928;True;True
1560294711,16577;862,088009428268;284,004486294381;True;True
1560294725,96941;880,291704492224;293,514618525171;False;True
1560294740,82057;881,311876879215;292,493759435155;True;True
1560294755,7774;867,639719727161;294,709930390959;False;True
1560294770,73082;868,670084818817;294,042067540526;True;True
1560294785,79637;868,650012070735;293,153070774948;True;True
1560294816,8953;883,081317185249;280,722168338042;True;True
1560294830,89115;887,26435820138;276,768861987828;True;True
1560294845,45264;883,368555919091;276,88328374272;True;True
1560294860,939;882,990656477164;270,774933605786;True;True
1560294875,38874;888,681456646226;276,444013905629;True;True
1560294891,03362;876,249225349405;273,667547541754;False;True
1560294905,73044;879,46046585519;278,511315096252;False;True
1560294920,60858;882,392930447633;279,788364360927;True;True
1560294936,0862;877,478782455582;284,360489531436;False;True
1560294966,64078;881,733395201497;288,487594765702;False;True
1560294981,20075;877,419328165905;289,738207820756;False;True
1560294995,87628;872,991543704652;297,515697784132;False;True
1560295010,96008;878,146581892621;291,84579555901;True;True
1560295025,77246;872,210405741628;296,267659558036;False;True
1560295040,8308;873,898327576969;294,909581292469;True;True
1560295056,03662;882,619701889853;297,74102693789;True;True
1560295072,26387;878,301769964677;296,407549320023;True;True
1560295085,96321;881,948931693356;297,305269204546;True;True
1560295116,74207;876,879562805206;292,100695006228;False;True
1560295130,77213;882,277624876326;292,982847276915;False;True
1560295145,90497;879,059142424717;297,611393522185;True;True
1560295160,86826;882,422231840907;295,588006426716;False;True
1560295175,70535;829,589876993056;311,604528879524;False;True
1560295190,87468;801,22557087704;314,786918864856;False;True
1560295205,75131;681,632232522221;303,902681088374;False;True
1560295220,52948;623,825802426276;312,349208978196;True;True
1560295235,81095;574,359917639187;309,930596727511;True;True
1560295266,66355;452,703061963887;314,988523689852;True;True
1560295280,80157;446,939100767846;317,613484994796;True;True
1560295295,8044;435,879861408993;301,500753096675;True;True
1560295310,47689;405,602249899756;254,044451609648;True;False
1560295325,39001;420,674561592094;270,440150208723;True;True
1560295340,67262;421,92857273993;276,310564656516;False;True
1560295355,6439;426,649481055423;284,154177723459;True;False
1560295369,98035;436,362100001068;290,210692600145;True;True
1560295385,49446;433,369966108749;286,858181501556;True;True
1560295416,54778;436,918013708944;286,244432643014;False;True
1560295430,22774;446,337381736734;291,191540605564;False;True
1560295445,40885;464,6472698749;299,897102085194;True;True
1560295460,51242;476,326520342521;306,95763153014;True;True
1560295475,22976;477,325320671731;310,233571144095;False;True
1560295490,61805;485,596454170475;314,557689153201;True;True
1560295505,71135;491,320065354016;318,519456501744;True;True
1560295520,18313;483,887360127864;316,017823278225;True;True
1560295535,30723;478,9622810436;317,271143264298;False;True
1560295566,58064;470,070524878694;321,429402986319;False;True
1560295580,51073;481,027346413609;327,678772858445;True;True
1560295595,66295;480,350273971613;327,021244772245;True;True
1560295610,30389;472,32926648278;325,457801494944;True;True
1560295625,42114;482,759791885062;329,733450758278;True;False
1560295640,64711;510,988312907982;334,735351782841;True;True
1560295655,59444;503,626740301138;329,223968125974;False;True
1560295685,50545;513,253908879227;325,628702762439;True;True
1560295716,72146;562,457548130879;334,824415557488;True;False
1560295730,92677;558,5841160363;335,866436589638;True;True
1560295745,77108;526,7775980404;336,556610468821;False;True
1560295760,35994;536,269173048;339,808665383044;False;True
1560295775,40269;544,488321832221;325,395106374757;True;True
1560295790,49029;532,706006664549;317,211696668349;False;True
1560295805,66988;530,581004626692;314,209048418993;False;True
1560295820,55791;537,782717770908;316,869276709987;True;True
1560295835,68276;531,601970709894;311,842993735822;True;True
1560295866,73266;545,258865782903;318,462142841493;False;True
1560295880,61447;558,690017191913;328,015504586086;False;True
1560295895,91837;584,083164906537;337,767385115886;True;True
1560295910,74177;576,761599762904;322,111358860591;True;True
1560295925,91718;568,208255864861;314,345969960469;False;True
1560295940,8877;573,190419827171;312,572202069035;True;True
1560295955,64762;574,490377279281;317,840008578103;True;True
1560295970,94202;566,28779652178;321,729687203811;False;True
1560295985,77645;569,702643849;323,503887916586;True;True
1560296030,75187;574,004171091061;331,649782803364;True;True
1560296045,814;586,056917535696;319,586700919773;True;True
1560296060,5724;579,653646379651;312,655941395618;False;True
1560296075,9432;585,759050802063;310,723490351577;True;True
1560296090,55753;587,479406747029;314,252418817512;True;True
1560296105,52653;577,240240690796;307,839603282272;True;True
1560296120,7027;578,948831359644;306,701311735475;False;True
1560296135,82604;584,878896732793;315,727334021259;True;True
1560296166,85464;596,928362752567;322,712426913555;True;True
1560296181,02688;623,083864558957;327,201792661896;True;True
1560296195,47243;623,27209126074;326,651300068976;True;True
1560296210,73451;622,611026352818;326,940640648187;True;True
1560296227,16931;634,619324808938;318,178513723552;True;True
1560296240,66642;638,632213380748;320,064159846765;True;True
1560296255,586;638,988728556071;320,360731496054;True;True
1560296270,56223;640,36852338247;319,085268028179;True;True
1560296285,72015;631,183209169773;312,37349384126;False;True
1560296316,94073;634,457962686359;332,041574271046;True;True
1560296330,70773;628,970504681399;325,701432487877;False;True
1560296345,58246;633,937926478331;331,687675166823;False;True
1560296360,93425;639,966065265621;327,637259784156;True;True
1560296375,59876;626,520169133179;321,600348167604;True;True
1560296390,47197;632,473221698639;321,958651365369;True;True
1560296405,95149;635,22079851616;324,23747944989;True;True
1560296420,56088;623,994865091554;331,507239047258;True;True
1560296435,56903;623,392026794337;331,956263041536;True;True
1560296466,55696;627,555613907911;337,158653008403;True;True
1560296481,01962;640,785063745595;334,416407986058;True;True
1560296495,77878;666,283407643535;321,134689455374;True;True
1560296510,63298;669,462464637388;316,329717699921;False;True
1560296525,58373;679,458460218627;310,137834371035;True;True
1560296540,77967;685,892423527147;319,149161799952;True;True
1560296555,57532;682,013441381633;315,562470738225;True;True
1560296570,55306;682,979793433948;316,002445953069;True;True
1560296585,53537;687,318052445608;316,866546660068;True;True
1560296616,55447;693,9530158975;325,873967622423;True;True
1560296630,74191;696,116436410461;323,406744695723;True;True
1560296645,63564;686,223054612459;306,594401720897;False;True
1560296660,48603;692,612591065564;310,848915462098;False;True
1560296675,8002;700,14702331427;299,032110515019;True;True
1560296690,21838;700,238800726043;294,71435601288;False;True
1560296705,78381;697,435255960822;304,900929184412;True;True
1560296720,98279;694,999352191884;300,935156521416;True;True
1560296735,57659;689,586813432952;306,977574984532;False;True
1560296766,68161;699,455724288337;317,962476120523;False;True
1560296780,64552;701,757397066158;317,015218928973;False;True
1560296795,75593;705,051983301104;317,547215806032;True;True
1560296810,87242;711,505399793739;318,737979413861;True;True
1560296840,79559;728,434190062291;318,790018227973;True;True
1560296855,53879;734,836030879779;319,090795320415;True;True
1560296870,99284;734,313839664887;317,180056403886;False;True
1560296885,77671;746,923813231689;318,33154956933;True;True
1560296916,83497;728,098921445492;294,471591004302;True;True
1560296930,7202;734,803892124031;304,003986668995;False;True
1560296945,7447;735,756296143605;314,915946262259;True;True
1560296975,67661;734,340624199191;317,405642109277;True;True
1560296990,70719;745,175301568699;327,556510164242;True;True
1560297005,28199;734,301298442983;332,309778065665;False;True
1560297020,6125;736,744028104191;327,894786188705;True;True
1560297035,88408;738,231156175068;319,325859818562;True;True
1560297066,59148;746,212100716356;319,577735741893;True;True
1560297080,84734;763,520297157365;317,687509083148;True;True
1560297095,38298;763,83320166753;324,099320108803;False;True
1560297110,72451;771,513666438192;324,371745824161;True;True
1560297125,64903;767,470805454363;323,123875034155;True;True
1560297140,33749;772,662516795008;324,680981251463;False;True
1560297155,50188;773,512324648252;317,192165663277;True;True
1560297170,71911;774,545397017209;317,038672742906;True;True
1560297185,39426;771,067083447508;313,314389252191;False;True
1560297216,93643;767,807753241958;311,814854698612;False;True
1560297230,54986;756,127804394766;304,47948480611;False;True
1560297245,47134;754,033122500053;311,685567179937;True;True
1560297260,65246;765,937576877671;297,491318343531;True;True
1560297275,83661;757,817259202619;287,74587251953;False;True
1560297290,73567;760,265763760348;294,858506463211;False;True
1560297305,8571;747,728128154409;307,041861216173;True;True
1560297320,49918;722,23768203937;317,981592625604;False;True
1560297335,69588;592,016354307691;333,334896900511;True;True
1560297366,46029;559,913923540139;337,481934861789;True;True
1560297380,44208;565,57894209781;343,339035338371;False;True
1560297395,6612;541,338867117004;350,13353436779;True;True
1560297410,50438;480,882753145968;339,774691064186;False;True
1560297425,70488;483,125219213332;354,890853281727;False;True
1560297440,74496;487,363358941979;359,91249895336;True;True
1560297470,42636;488,047509568038;359,05355649952;True;True
1560297485,89106;474,315765333852;342,507067364671;True;True
1560297516,52851;476,113676263803;342,84758348966;True;True
1560297530,4316;474,058564735842;338,26401997521;True;True
1560297545,70167;477,065981598592;331,179425436653;False;True
1560297560,75696;478,766425164371;338,208946086036;False;True
1560297575,28538;480,702123901079;343,611946748819;True;True
1560297590,38666;479,484719894032;340,217151691453;True;True
1560297605,5712;488,058704263871;337,705354462132;False;True
1560297620,49154;495,910338382921;341,531545457733;True;True
1560297636,11589;498,58973521574;343,017954662331;True;True
1560297666,85293;511,007682107363;345,013823491789;True;True
1560297681,06394;503,785926366716;342,998071553074;True;True
1560297695,69576;512,827951067728;349,317322201906;False;True
1560297710,70353;514,605008307716;368,064116399109;True;True
1560297725,69153;506,863727494973;371,908216319393;False;True
1560297740,72896;504,123426120484;376,593683199405;True;True
1560297755,55502;507,305763661273;374,009995061319;True;True
1560297770,93989;499,225185063861;367,984864675647;False;True
1560297785,96781;504,529448070913;369,797854082701;False;True
1560297816,47525;493,116415465536;362,730121743249;False;True
1560297830,58552;496,832774188982;362,419106187941;True;True
1560297845,61762;535,345528045721;367,246065477286;True;True
1560297860,83029;534,351870403688;365,056000992827;True;True
1560297875,58223;546,321040913001;362,251547120871;True;True
1560297890,62801;553,469466686553;352,254735195558;True;True
1560297905,74564;542,930992959984;345,169484470807;False;True
1560297920,73099;550,532854397457;350,751303646932;True;True
1560297935,72203;550,346413255824;348,485095243365;True;True
1560297966,87;555,061823141362;346,197717737203;True;True
1560297980,90615;560,767752880271;351,804977365511;True;True
1560297995,50451;549,570519852245;352,760512226591;True;True
1560298010,90002;559,557360367259;358,176670608538;True;True
1560298025,50675;561,686255882582;357,451464064214;True;True
1560298040,42139;547,619119234976;359,226377326953;True;True
1560298055,85947;542,465570052861;359,609259601524;True;True
1560298070,77031;575,309759385352;347,290836150585;True;True
1560298085,44394;567,556949124399;352,908103187784;False;True
1560298116,30377;574,24144645234;354,540769726358;False;True
1560298130,70941;578,142822911783;357,362324168993;False;True
1560298145,54764;587,828880519008;353,555011739764;False;True
1560298160,76829;587,280453327571;359,150323087094;True;True
1560298175,55254;579,56883548146;356,105845326616;True;True
1560298190,74468;581,212306805967;356,340200596565;True;True
1560298205,70721;582,51398415636;358,516998532503;True;True
1560298220,75262;573,388107036962;355,738182522535;False;True
1560298235,86569;566,757108595389;353,692111540704;True;True
1560298266,45029;569,697840514537;353,576849370104;False;True
1560298280,59021;570,508221474287;352,433786990911;False;True
1560298295,65805;582,715130834014;352,392403579289;True;True
1560298310,3351;591,586600125386;368,390550474703;False;True
1560298325,41738;619,454228117068;370,882147968852;True;True
1560298340,59773;623,115927002385;366,430056551356;True;True
1560298355,50629;614,753718195405;369,035709143642;True;True
1560298370,70413;622,844246060069;365,741355727787;True;True
1560298385,90615;626,700394789386;367,130800726228;True;True
1560298416,58921;633,649596797302;368,010460744878;True;True
1560298430,62992;631,217142317143;358,066197003477;True;True
1560298445,55976;624,135416130825;351,337122861028;False;True
1560298460,51546;623,981366169806;347,861268139833;True;True
1560298475,77412;629,337032518034;351,752154967994;True;True
1560298490,82371;617,333880353834;374,232165311427;False;True
1560298505,53421;617,185886593043;373,964347284556;True;True
1560298520,80276;622,503373502988;370,207346428254;True;True
1560298535,64251;620,390857368267;367,327770771816;False;True
1560298566,94785;627,911742492287;362,588700383835;False;True
1560298580,54456;622,234687475004;361,636900936512;True;True
1560298595,76673;630,057287333312;358,17102307607;False;True
1560298610,76348;653,966579886471;357,012449440294;True;True
1560298624,89732;650,330344520834;362,276246071105;True;True
1560298641,08161;655,622670704464;358,708815052076;False;True
1560298655,57506;660,71451065876;356,648088415403;True;True
1560298670,51288;655,995898465101;343,543341903516;True;True
1560298685,70426;659,81161688346;341,719197454128;True;True
1560298716,91419;655,335426803301;345,414005097488;False;True
1560298730,74886;657,008161599458;347,099841254983;True;True
1560298745,4989;668,493080909525;350,444418032484;True;True
1560298760,71309;665,217047992198;358,994428561345;False;True
1560298775,6053;673,031914277024;360,430219332989;True;True
1560298790,51614;673,506455395845;350,608548875025;True;True
1560298805,45054;668,563845018014;358,23109126166;False;True
1560298820,54232;668,353581731084;357,128958358519;True;True
1560298835,52501;674,096754327114;351,396534682438;True;True
1560298866,81249;679,371284418405;337,592411092552;True;True
1560298880,55174;682,121340767845;339,781685423979;True;True
1560298895,39796;671,623043058085;333,066267778303;True;True
1560298910,66004;675,274185398835;331,968775808309;True;True
1560298925,84952;682,168777634226;331,664546578015;True;True
1560298940,78088;675,038590283542;333,400711432532;True;True
1560298955,78371;679,782801139659;335,498679859787;False;True
1560298970,56911;682,351489339561;336,515674120265;True;True
1560298985,52442;685,214271061984;339,283293241016;False;True
1560299016,47244;691,751974063239;334,240527308346;False;True
1560299045,58136;701,336386987162;329,926693139094;True;True
1560299060,46178;690,685656528661;343,572848125123;True;True
1560299075,00237;658,650788887427;369,365726892016;True;True
1560299090,69818;610,780633969173;368,344369081133;False;True
1560299105,70862;536,161794785816;380,681997606089;True;True
1560299120,10589;524,326016796491;377,321198189231;True;True
1560299135,59529;521,091800020098;382,033725022208;False;True
1560299167,41915;503,863754261865;383,215214629498;False;True
1560299180,5977;501,052082147128;392,441727416858;False;True
1560299195,33406;502,361370476917;385,351201335964;True;True
1560299210,42774;488,89942369811;372,333551969848;False;True
1560299225,74532;492,563429413453;365,282005970262;True;True
1560299240,76488;497,15742573036;368,031865594154;True;True
1560299255,49591;484,14430733119;350,954878720586;False;True
1560299270,46225;485,756865969657;352,030652609462;False;True
1560299286,19608;488,126341808732;351,734621288685;True;True
1560299316,51079;496,116926651515;354,28206851661;True;True
1560299330,10522;493,110965099003;356,994563014944;True;True
1560299345,57524;479,316535560756;371,885991279878;False;True
1560299360,60962;479,393892485427;390,166722356959;True;True
1560299375,5349;491,636906145944;386,568813135018;True;True
1560299390,40544;489,67935145319;373,116812893805;False;True
1560299405,39041;487,15362776332;387,804527039723;True;True
1560299420,51298;512,082615827183;384,812821229982;True;True
1560299435,22881;518,560222712893;391,614874026021;False;True
1560299466,847;539,592151345584;396,772234695407;True;True
1560299480,46348;536,862391695932;406,927983629706;False;True
1560299495,65828;557,939514759065;423,846596509908;False;True
1560299510,1312;552,558383864951;423,676627689843;True;True
1560299525,42027;541,518897198241;425,718201383877;False;True
1560299540,42196;544,167666667807;424,383617202281;True;True
1560299555,5719;546,630840496369;423,878145604772;True;True
1560299570,92522;546,824015554605;438,380499555141;True;True
1560299585,18792;548,424866226118;437,152702557161;True;True
1560299616,2918;546,555605792104;437,016330550303;False;True
1560299630,67881;555,148092180892;433,306596989025;False;True
1560299645,70862;553,728496300705;426,945075877947;True;True
1560299660,93421;545,671020529846;420,029044698968;False;True
1560299675,42348;545,858025648918;415,66941413621;False;True
1560299690,51488;550,817214309986;419,282508516098;True;True
1560299705,87124;547,402876882457;426,553621414756;True;True
1560299720,65701;550,796207832169;422,112859684215;False;True
1560299735,75792;558,058187126539;420,197264245644;True;True
1560299766,76029;583,919263410012;412,833004150591;True;True
1560299780,54289;595,885238565968;394,879328632253;True;True
1560299796,03077;596,850097054743;394,61556118975;False;True
1560299810,39269;609,406410258196;394,247673296877;False;True
1560299825,22104;607,961424697967;397,546722082334;True;True
1560299840,57702;599,055729845929;399,341363233868;False;True
1560299855,66082;597,827979910692;398,863614927439;True;True
1560299870,49639;597,693198942242;398,701501318228;True;True
1560299885,6353;590,797812173086;402,181034440293;False;True
1560299916,57344;585,395390885027;401,712990784038;False;True
1560299930,92395;587,754958974632;411,93009102856;False;True
1560299945,55805;589,68580387803;417,27154629455;True;True
1560299960,4381;595,607897425643;419,230412056162;True;True
1560299975,6519;593,676224620173;420,942418308877;False;True
1560299990,64333;595,857726258457;424,174713491529;True;True
1560300005,50133;603,718668828103;412,552780025275;True;True
1560300020,47299;601,468424649543;410,033293875257;False;True
1560300035,62445;603,009076989231;405,98506265165;False;True
1560300067,16852;612,398845570865;401,99809381912;False;True
1560300080,22544;622,512486133271;396,065553296257;False;True
1560300095,9357;658,544947536212;395,217030352982;False;True
1560300110,41964;662,102690328858;402,078672680202;True;True
1560300124,96669;650,76050622141;396,320127512584;False;True
1560300140,55075;666,836232326381;397,191252772137;False;True
1560300155,31333;668,253576035824;399,273614204001;False;True
1560300170,39143;662,378828037787;402,840187271997;False;True
1560300185,68088;669,302277147826;418,224679296293;True;True
1560300216,06668;652,849604450298;447,234008899464;False;True
1560300230,36094;663,394205146737;441,871657290954;True;True
1560300260,15068;659,67498824954;444,688108541818;True;True
1560300275,32989;648,505248086723;455,118974104375;True;True
1560300290,62505;648,227670752942;420,575211024096;False;True
1560300305,11811;653,400708401761;407,100984685162;True;True
1560300321,00932;697,921374420042;396,254816135294;True;True
1560300335,22033;688,381250334473;400,528065250528;False;True
1560300366,49412;715,073900370431;400,268996567464;False;True
1560300380,33184;710,573604039834;406,29024965484;False;True
1560300395,20466;725,379763098329;394,960971368343;True;True
1560300410,42379;729,4959375787;393,856927158507;True;True
1560300425,7102;718,435666687883;403,194034783115;False;True
1560300440,70505;719,778832108787;404,393617947364;False;True
1560300455,32964;722,787594012845;402,252910094931;True;True
1560300470,5366;722,657076934434;405,71906103136;False;True
1560300485,70289;723,939953454721;407,736559180754;False;True
1560300516,7239;744,11629400789;406,249873212145;True;True
1560300530,76042;779,716497820756;390,165961749556;True;True
1560300545,49411;799,644859439261;390,801686145355;True;True
1560300560,32626;790,541299075384;408,183422865137;True;True
1560300575,2276;809,472527208392;398,532946558759;True;True
1560300590,73677;815,357664037576;396,742994168183;True;True
1560300620,42273;795,939864043866;422,364946121357;True;True
1560300635,78365;782,7181002843;441,489304184142;True;True
1560300666,49751;785,324577606008;437,845532007593;True;True
1560300680,57014;793,799543807447;427,958243456421;True;True
1560300695,28825;801,166303311864;415,32004082472;True;True
1560300710,55566;813,699541527321;407,354017007833;False;True
1560300725,06849;809,773514412809;406,037699994709;True;True
1560300740,19144;821,743232520474;381,049870317029;False;True
1560300755,46645;818,838110864818;386,573208218287;True;True
1560300770,65555;821,222593514868;393,496444280142;True;True
1560300816,65391;818,778600650133;415,529178501616;True;True
1560300845,27132;852,68526570732;421,814479751999;True;True
1560300860,77859;860,531144302307;426,742020912613;True;True
1560300890,35279;864,501865107313;429,296973997622;True;True
1560300905,43241;864,937973666608;427,748618045238;True;True
1560300935,41526;861,601113075905;402,500425659997;True;True
1560300980,31313;857,889415467576;395,343657160608;True;True
1560300995,50755;858,42927414796;411,035617409473;True;True
1560301025,65386;860,430738974264;408,130791818037;True;True
1560301040,50578;859,422844140006;411,195791134542;True;True
1560301070,61446;859,645663542507;408,043575564556;True;True
1560301085,54202;860,492426155652;403,132041807342;True;True
1560301116,31745;864,269459863384;407,913118820503;True;True
1560301130,46726;870,091890697272;425,118180683394;True;True
1560301160,52234;864,693402503806;413,080004620876;True;True
1560301175,45712;863,555277418552;413,751474083415;True;True
1560301190,71693;810,144155993512;414,286503915115;True;True
1560301205,15791;675,44386367587;411,748330382904;False;True
1560301220,37286;617,203303655468;425,042588354863;True;True
1560301235,22858;554,374488288122;423,218852730471;True;True
1560301266,54343;518,385815958094;427,774866848124;True;True
1560301280,34047;488,380383959156;441,385266656295;False;True
1560301295,30262;476,788800151463;465,350210495159;True;True
1560301310,50008;482,13782379095;469,835982109294;True;True
1560301324,78293;480,763620372135;474,36986033007;False;True
1560301340,53387;481,777498357667;468,926300573353;True;True
1560301355,32725;484,745398762122;466,090167294171;True;True
1560301370,63228;480,126058805745;462,417430867459;False;True
1560301385,55377;479,426674089477;457,027369340958;True;True
1560301416,51471;466,987494576526;450,659152967535;False;True
1560301430,57518;468,323577837752;451,729811795255;True;True
1560301445,57991;475,553602510404;451,837635593988;True;True
1560301460,61239;472,004977039418;451,002700213829;False;True
1560301475,58823;473,349499908112;446,609239145708;True;True
1560301490,54621;494,52495706569;433,266561134149;True;True
1560301505,40687;503,697218927416;428,136933725075;True;True
1560301520,50207;507,579068279618;426,9506195273;True;True
1560301535,56914;515,250168718825;427,116131103633;True;True
1560301566,84636;524,234245617474;427,322386786294;True;True
1560301580,32902;526,226746216184;432,481774653839;True;True
1560301595,30752;525,815321237685;432,810157081228;True;True
1560301610,49206;523,313874328335;438,854560360358;True;True
1560301625,78075;526,513188850755;441,883800663431;True;True
1560301640,40345;517,142044964138;455,304615284236;False;True
1560301655,691;518,000975006274;452,366458856847;False;True
1560301670,68927;518,794181211449;452,540181908851;True;True
1560301685,41612;513,32275975786;451,234483126931;True;True
1560301716,64772;524,12115104939;451,150831589295;True;True
1560301730,40294;537,0918432527;453,871729091298;False;True
1560301745,34723;539,025263397632;449,207800451033;False;True
1560301760,37819;561,603918241691;438,881665586233;True;True
1560301775,11454;560,066709629152;445,672507725336;False;True
1560301790,48154;583,005143956104;441,682317398359;True;True
1560301805,64593;585,065841724113;444,065521476336;True;True
1560301820,05385;579,969707092012;452,796033492177;True;True
1560301835,10724;581,921955323902;459,833146707247;False;True
1560301880,34609;580,563497980176;474,250040638588;True;True
1560301895,6937;583,489035011718;459,110041057706;True;True
1560301910,37266;572,494675688591;463,603373668552;False;True
1560301925,38689;573,259703198048;452,777586309327;True;True
1560301940,52999;584,395408696643;454,345351224176;True;True
1560301955,12912;576,506443752197;451,653379767262;True;True
1560301970,49384;579,905147495343;451,949617508848;True;True
1560301985,47272;579,905757951474;451,482233495909;True;True
1560302016,72941;590,890597827957;448,461033505148;True;True
1560302030,59107;589,641025736607;446,099828673412;True;True
1560302045,26926;575,018636017104;452,904867791465;False;True
1560302060,55149;587,265910074897;447,175522730688;True;True
1560302075,10614;599,754585626211;450,546411655701;True;True
1560302090,38077;599,536726200777;453,305218392978;False;True
1560302105,43492;594,287953885858;452,713913135883;True;True
1560302120,73426;604,955411395698;451,213346074737;True;True
1560302135,56298;602,659555696398;453,033495006472;False;True
1560302166,53799;627,256611615828;428,64556717381;True;True
1560302195,42415;630,223853293506;427,935525492724;True;True
1560302210,57219;629,290624910503;431,965699841058;True;True
1560302225,56096;623,792832391421;442,650385819647;True;True
1560302240,47065;620,142981698444;453,411461517945;True;True
1560302255,57346;624,834117726088;449,062245487943;True;True
1560302270,82528;618,919670394549;443,659259920135;False;True
1560302285,61637;609,315983507888;435,939691431065;False;True
1560302330,33178;627,557713504547;421,7976202817;True;True
1560302344,93395;661,110062111178;423,646322302289;True;True
1560302360,20629;657,194719105984;421,880226520934;False;True
1560302375,4699;654,127721034458;420,94267170913;True;True
1560302390,49325;658,636598307318;422,481413109958;True;True
1560302405,64244;673,06800922189;441,221296541126;False;True
1560302420,92923;674,366474085479;440,919170673101;True;True
1560302435,76214;677,044992233919;438,690701642916;True;True
1560302466,40643;679,139629633014;436,071015158352;True;True
1560302480,48819;676,14193378445;435,865334719081;True;True
1560302510,25816;678,912636399011;434,01195772992;True;True
1560302525,48831;694,762370318096;429,504880727049;True;True
1560302540,4862;708,699604500204;429,93796447492;True;True
1560302555,57988;725,830530272829;435,045765037488;True;True
1560302570,54394;729,832217912162;433,406904788924;True;True
1560302585,27193;730,235967200349;431,389159249328;False;True
1560302616,35262;736,854146328878;434,452392854631;True;True
1560302630,25914;731,336231736598;448,56111515388;False;True
1560302645,56379;736,831636820761;447,379584851495;False;True
1560302660,39176;737,764872434274;445,783682161222;True;True
1560302675,96365;729,902291310467;442,88803870902;False;True
1560302690,76045;726,83216284321;435,930591763155;False;True
1560302705,39075;730,786931751864;445,246437875256;True;True
1560302720,27155;727,861123142383;443,589980775444;False;True
1560302735,48384;728,525197755653;441,555323871174;False;True
1560302780,5771;734,448453484087;448,743506563584;True;True
1560302795,36021;736,145354941193;432,611877012309;True;True
1560302824,96331;760,364409781481;425,72679716742;True;True
1560302840,4645;761,818253225177;426,997382165234;True;True
1560302855,35481;769,965035331939;440,441048831598;False;True
1560302870,89629;778,367602841709;438,231657855784;False;True
1560302885,37795;777,34960256671;434,451040049973;True;True
1560302916,50235;785,917531402222;432,446305622814;True;True
1560302930,57195;785,230311998799;423,426767695313;True;True
1560302945,5725;782,009609740333;430,415762549712;True;True
1560302960,67911;783,7133173925;429,073233345909;True;True
1560302975,32499;788,336972654398;435,46638648128;True;True
1560302990,41753;781,083884214254;440,076669861137;False;True
1560303005,50513;777,909798973186;443,095628841187;True;True
1560303020,63721;776,144943174999;453,229454521194;True;True
1560303035,40245;775,494641756449;451,770068118341;False;True
1560303066,57095;778,026690834964;444,276113479012;True;True
1560303095,5415;785,043204213764;424,539133725593;True;True
1560303110,62644;786,421977180019;423,630935629885;True;True
1560303125,12863;779,856816798584;429,336015529264;False;True
1560303140,39527;773,504610236721;439,654454675956;False;True
1560303155,69043;777,820343761523;441,555139647918;True;True
1560303185,45242;779,816916896347;442,457113000258;True;True
1560303216,46696;782,474871281009;447,971233494745;False;True
1560303230,6639;782,469038881934;447,598114715831;False;True
1560303245,79826;782,468932702818;447,336372591789;True;True
1560303275,56596;781,692909487845;442,922396756917;True;True
1560303290,59007;789,162631089403;441,444839692415;True;True
1560303320,26692;794,743232639567;438,652515914493;True;True
1560303335,62555;799,135488666737;437,068694318806;True;True
1560303365,97904;805,975868291156;440,550831523432;True;True
1560303380,56258;812,346272288315;439,233702231027;True;True
1560303395,4373;811,526748652052;439,138344919179;True;True
1560303410,5287;810,057570672158;441,655598476671;True;True
1560303425,6144;809,755516108519;444,568330714373;True;True
1560303455,62501;809,824575718465;444,676255534076;True;True
1560303470,27431;808,616099280844;446,249673521719;True;True
1560303516,29358;741,103419971434;466,104907490557;True;True
1560303545,41695;679,118032779598;463,319112492041;True;True
1560303560,18333;532,639519221616;444,654371334404;True;True
1560303575,5701;480,914430563147;431,155585378862;True;True
1560303590,39997;461,005440929587;425,822984721938;True;True
1560303605,28077;450,580251395088;420,082489905642;True;True
1560303620,43072;447,024516386071;409,617844382037;False;True
1560303635,46928;452,489485200822;406,49371493612;True;True
1560303666,89703;438,024792383476;416,207392464556;False;True
1560303680,42607;444,67729377894;411,734522115213;True;True
1560303695,3677;447,849761979716;415,284666174267;True;True
1560303710,76283;449,084977578311;425,16891400187;False;True
1560303725,57407;450,070585028919;426,998628580792;False;True
1560303740,34312;456,796520907928;429,496841452499;True;True
1560303755,73141;455,977079903777;427,022117700401;False;True
1560303770,65593;455,743692189349;423,222797003377;False;True
1560303792,39933;455,069849523196;434,491347830521;True;True
1560303821,23417;456,148948418492;446,744674801521;True;True
1560303833,87142;462,593907568138;442,571104674685;True;True
1560303845,49027;464,17877634419;441,002011054415;True;True
1560303860,32661;469,16936855521;444,651698862747;True;True
1560303875,5214;482,452716457224;454,391040599521;True;True
1560303890,12585;506,959607732139;448,271162817073;False;True
1560303905,23702;512,90944833903;448,053538273369;True;True
1560303920,75341;518,323153934702;447,03470929116;True;True
1560303935,78552;516,415815949646;447,800202034499;False;True
1560303967,85303;520,920868609592;451,679972711153;False;True
1560303980,3903;521,912075937711;451,648435584622;False;True
1560303995,32737;523,434074400235;451,565757941641;True;True
1560304010,64989;532,567518144763;461,775003213705;True;True
1560304040,2967;533,529096742807;462,663001546968;True;True
1560304055,46033;531,302989090309;461,77954743787;True;True
1560304070,10697;527,163040710359;462,872585125449;False;True
1560304085,26376;523,868988550325;461,020965278419;True;True
1560304116,24713;519,440200898553;466,3505358866;False;True
1560304130,38097;531,841845929082;464,92877396888;True;True
1560304149,17071;556,952007289327;460,848590865443;True;True
1560304163,78733;557,126889599552;465,110049481863;False;True
1560304178,65559;564,077910811892;464,479641674961;True;True
1560304193,97089;565,950276578967;462,665896573794;True;True
1560304206,65603;563,442009522453;465,253786594932;False;True
1560304221,78126;563,020097566096;467,027627806542;True;True
1560304236,64268;557,0288925273;472,251365710198;True;True
1560304267,5812;561,678039424864;470,729938460652;True;True
1560304282,09175;562,935068785508;470,977639212999;True;True
1560304311,48881;566,866890110655;465,585319183658;True;True
1560304326,4829;568,380896310338;464,478970959674;True;True
1560304341,63246;559,285401804831;467,122611341661;False;True
1560304356,59538;556,582827518302;471,329248840702;True;True
1560304371,65789;559,418080566157;474,627466403923;True;True
1560304385,30059;566,984725359767;480,726566796514;False;True
1560304417,49128;581,390054033946;484,059323632789;False;True
1560304446,90126;594,182156797557;482,187386839021;True;True
1560304461,51712;598,849427173612;482,912267208455;True;True
1560304476,48611;595,21455926323;481,150077857304;False;True
1560304491,54977;593,805106151521;445,892860379701;True;True
1560304506,5123;594,067085084718;443,152313212363;True;True
1560304536,71867;594,425684202478;440,587360471852;True;True
1560304568,95535;590,545175526625;451,340114014475;False;True
1560304581,52303;591,680644844243;453,204915993992;True;True
1560304596,92348;599,044549127368;460,782039954061;True;True
1560304611,55226;603,870368169157;475,403053648415;False;True
1560304626,63682;613,389366328072;474,898890643674;True;True
1560304641,62786;619,434121535006;471,519130739322;True;True
1560304656,42694;620,395071568579;473,728974509882;False;True
1560304671,60349;623,187548143781;471,705632462832;False;True
1560304686,73329;630,200298039894;476,059606654465;True;True
1560304717,71438;633,143273830174;471,43623399973;True;True
1560304731,78512;633,320477246328;477,687591813903;True;True
1560304746,70926;632,649113215067;478,767622266635;True;True
1560304761,59843;627,114578295543;462,854971899892;True;True
1560304780,67289;636,225127609063;472,589779022148;True;True
1560304807,16534;639,291006709664;470,864705222001;True;True
1560304822,47418;671,647415492682;460,007467913229;True;True
1560304836,95394;671,76882058422;464,077319287307;True;True
1560304868,2897;689,852997799418;482,504249546898;True;True
1560304897,21425;696,401940515861;491,529271996758;True;True
1560304912,08935;696,734805874509;475,688231676324;True;True
1560304926,99829;692,768972352612;480,324339248818;False;True
1560304942,21324;691,82783092803;474,317647428471;True;True
1560304957,12559;693,711807265423;472,883402097172;True;True
1560304972,02997;681,660657059928;473,113123729813;False;True
1560304987,56271;685,798601495321;471,749638106634;False;True
1560305018,13933;681,476841460485;469,967541065617;False;True
1560305032,1291;688,896630634226;469,779871178809;False;True
1560305047,29083;691,333109922729;470,44727135866;True;True
1560305062,04049;684,722961127825;474,767753006364;False;True
1560305077,13531;691,771925955286;474,444242320735;True;True
1560305092,17577;693,8057517579;472,890007032697;True;True
1560305120,52214;699,746434854884;473,925073763484;True;True
1560305137,19149;703,370506207925;463,889720276963;True;True
1560305167,99353;718,232081066518;456,979790068899;True;True
1560305182,26156;712,363005587659;459,295150785593;True;True
1560305211,9882;723,413687774344;466,482335846224;True;True
1560305227,04235;736,274011067359;459,190882554526;True;True
1560305256,63822;740,073905688229;462,938581324727;True;True
1560305270,60746;740,436386082041;490,061174778748;True;True
1560305316,38231;743,298279549208;480,369627369254;True;True
1560305345,16811;741,934840822673;460,674418732322;True;True
1560305360,27586;746,399636446671;462,516570847139;True;True
1560305390,17584;759,885240054647;462,710485857145;True;True
1560305405,32692;750,812263100113;458,424553474005;True;True
1560305420,03591;767,17233249614;449,495619848375;False;True
1560305435,59564;781,804153058624;442,632359065036;True;True
1560305480,33309;786,536316172943;440,427212112492;True;True
1560305495,30627;786,242577717423;452,474829003448;True;True
1560305525,30965;790,470907171332;481,203170761279;True;True
1560305540,34783;791,15273709261;473,637524424164;True;True
1560305570,41051;784,634713934583;466,788991756167;True;True
1560305585,40916;783,734012613165;466,926689942703;True;True
1560305616,30814;786,769770142406;464,054972834575;True;True
1560305630,06641;787,496077610395;464,17882366024;True;True
1560305660,19105;793,492638419566;469,378732768127;True;True
1560305675,37064;794,532794734533;472,46567604566;True;True
1560305705,11629;798,529229673346;469,160158900156;True;True
1560305720,58631;800,698738473729;469,496720682801;True;True
1560305735,22193;803,685566975197;463,158294972894;True;True
1560305766,22202;804,709708672319;460,838206517893;True;True
1560305795,53317;808,145588204576;459,043346856547;True;True
1560305810,51167;808,044982652282;457,513915806787;True;True
1560305825,061;804,650666533024;461,260500255478;True;True
1560305840,56409;808,378334197793;462,616612931724;True;True
1560305855,33922;808,348999537257;458,930104532414;True;True
1560305870,47928;806,144735799498;462,067687585146;False;True
1560305885,4076;798,143932797413;466,787375283093;False;True
1560305930,38948;798,759695618774;461,868861519271;True;True
1560305945,19882;804,699331704606;469,674164205888;True;True
1560305975,1315;793,676544628937;473,640488223113;True;True
1560305990,14459;693,491318705379;498,891926625906;True;True
1560306005,39223;558,692695625939;478,671125162548;False;True
1560306020,46272;561,187979934739;488,642542418297;True;True
1560306035,63852;582,571127618988;494,542100929854;True;True
1560306066,16116;449,690181865127;479,741478119362;True;True
1560306080,70175;445,640921703394;477,418341599159;True;True
1560306095,10244;422,791231805745;479,81878568586;True;True
1560306110,23224;425,08013220372;468,627898735653;True;True
1560306124,95567;428,716189593847;469,432971309232;True;True
1560306139,99537;435,118591316701;471,888646764095;False;True
1560306155,45018;470,195988938061;497,936459427779;True;True
1560306170,2447;470,389331575586;511,416842602549;True;True
1560306185,21027;467,359864431808;513,357810933134;True;True
1560306216,48369;471,527652724101;500,278818845295;False;True
1560306245,23642;469,481005779852;499,3080913846;True;True
1560306260,46695;466,279264009297;507,84908414973;True;True
1560306290,16926;466,386633975863;508,298981282666;True;True
1560306305,3078;464,248700346364;515,124353521548;True;True
1560306320,15744;464,53862990622;510,981849405789;True;True
1560306335,40317;468,066587759539;505,134525142985;False;True
1560306379,91901;476,674293923918;499,129349867957;True;True
1560306395,39739;488,923580769983;496,525817578867;True;True
1560306410,09193;499,864046657824;494,873349889968;False;True
1560306425,42966;505,903477599078;491,529423047428;False;True
1560306440,36482;507,828182782194;494,896026447788;True;True
1560306455,23651;510,620519633799;497,213890236167;False;True
1560306470,27317;515,460369749174;497,078453572144;False;True
1560306485,18439;515,168722251388;494,626082744222;True;True
1560306516,37417;522,270271260149;495,620437520933;True;True
1560306530,25332;535,36559231908;498,884767874067;True;True
1560306560,23769;547,408228750872;486,65910903742;True;True
1560306575,36787;550,967274804662;484,487365812995;True;True
1560306605,41724;562,375315868706;486,013618488278;True;True
1560306620,35431;566,180235832279;493,613045991309;True;True
1560306666,48534;577,430320627844;474,192700336857;True;True
1560306694,74504;577,252807917624;468,607529937732;True;True
1560306710,31883;578,17461085563;466,876678982562;True;True
1560306740,0679;578,551790783015;465,491899448612;True;True
1560306755,30147;574,02108480245;473,629594545033;True;True
1560306770,05645;557,222264659893;478,845208098778;False;True
1560306785,3174;554,989273722333;481,685944461981;True;True
1560306829,79256;554,896500154942;483,031997877414;True;True
1560306845,52259;567,175535441976;480,30457505095;True;True
1560306875,32639;575,103191701349;475,101044730656;True;True
1560306890,41514;576,673847712543;464,691062336739;True;True
1560306920,26874;580,961828301599;471,938059228566;True;True
1560306935,60951;579,748188632031;462,650718650905;True;True
1560306966,27927;600,852211079541;490,288498511008;True;True
1560306980,53589;612,768053277295;496,355372088179;True;True
1560307010,38874;615,494772308952;499,283978404976;True;True
1560307025,33493;618,746894658451;497,043412911856;True;True
1560307055,09806;624,268437710645;488,432074605014;True;True
1560307070,24382;624,351478766936;490,496924928619;True;True
1560307116,58393;628,61079255759;498,49292578764;True;True
1560307145,06296;629,263196832359;488,32460641798;True;True
1560307160,25928;627,927683564923;483,651694196385;True;True
1560307190,40521;624,652417063991;487,71511098453;True;True
1560307205,31757;622,278226806635;488,364544442709;True;True
1560307235,44145;626,249526296337;493,74113096418;True;True
1560307280,46325;625,264616118609;494,236505182675;True;True
1560307295,25396;626,065634486496;493,087919741169;True;True
1560307310,32408;628,437913078489;495,15620785644;False;True
1560307325,06956;629,484794857511;492,062842677491;True;True
1560307340,24953;655,920552569842;497,04036779235;True;True
1560307355,22233;647,10879157506;497,064509580921;True;True
1560307370,43956;656,98352825661;504,267077835227;True;True
1560307385,65526;657,597981544219;501,058066605476;True;True
1560307416,68919;658,385496950352;497,757771720163;True;True
1560307430,5843;658,669916477986;495,179596060132;True;True
1560307445,21308;657,950100362988;488,240321020753;True;True
1560307460,45425;665,882495935446;477,800618773011;True;True
1560307475,45518;668,764706159409;476,870940925372;True;True
1560307490,06914;668,063910624962;477,510063801017;False;True
1560307505,24531;673,572817145881;484,912895793448;True;True
1560307520,42566;682,223271402918;487,411695952356;True;True
1560307535,52961;683,390644007871;487,258523130306;True;True
1560307566,43239;689,858913405076;502,370930146111;True;True
1560307579,89871;688,252690142369;499,548368215451;False;True
1560307595,16725;701,723609757836;505,233165907081;True;True
1560307610,53996;699,041457985357;505,970098756816;True;True
1560307625,05697;693,115535644093;513,451104227774;False;True
1560307640,3852;701,206020860899;514,71877867043;False;True
1560307655,32037;710,264005495376;506,358887561011;True;True
1560307670,16544;704,779499790063;499,066931325882;False;True
1560307685,16409;709,671221259451;498,992055901254;True;True
1560307716,32536;707,840832349585;497,36677004594;False;True
1560307730,1855;707,107723783763;494,302288933676;True;True
1560307745,53844;710,150634494037;494,024714277011;True;True
1560307760,47703;706,140151476038;486,868720621959;False;True
1560307775,55132;709,158804808771;487,142051355187;True;True
1560307790,17363;711,265245601226;500,988854030339;True;True
1560307805,37033;705,707265902931;506,109044374616;False;True
1560307820,75748;708,943228612523;509,965359168968;False;True
1560307835,42275;713,893283959752;511,139842262527;True;True
1560307866,42475;722,5736744817;514,079076794137;True;True
1560307880,22179;730,895964469225;501,928780884333;True;True
1560307910,28561;751,885698549323;476,007359390626;True;True
1560307925,43213;754,406099221881;498,25144233773;True;True
1560307955,17968;751,645299187784;491,637439689166;True;True
1560307970,24181;735,923595409111;487,187997282963;True;True
1560308016,30898;744,83688818731;487,080834649061;True;True
1560308045,13888;745,624651787436;484,12669939771;True;True
1560308060,19797;748,898435696388;476,477923745367;True;True
1560308090,24962;748,759889687357;479,955678089231;True;True
1560308105,26386;752,845421250164;471,591148132579;True;True
1560308135,48962;746,041862494017;467,231855115154;True;True
1560308180,34301;747,598011729776;468,380895076059;True;True
1560308195,26791;745,853738097949;468,624133318838;True;True
1560308225,04777;556,41463807167;516,28550696351;True;True
1560308240,22433;529,340478687287;537,864062147568;True;True
1560308269,94983;528,221773740506;542,262524193929;True;True
1560308285,50727;530,095576517324;577,807334746238;True;True
1560308316,45719;527,76989616752;597,504114968812;True;True
1560308329,66464;526,821272183134;598,362831112311;True;True
1560308344,51922;524,401146472941;596,206164684087;False;True
1560308360,07591;499,814328713353;596,454498649049;True;True
1560308375,50829;495,396242691113;585,379679021386;True;True
1560308389,74819;495,953652060393;578,037707397595;False;True
1560308405,18627;498,022999331702;567,958078897727;True;True
1560308420,04275;498,255894050567;568,427379564484;True;True
1560308434,46625;486,397339846453;553,992542774275;False;True
1560308466,0126;495,612570759771;574,699852709167;False;True
1560308480,19662;487,817746118187;560,790150125067;False;True
1560308495,33288;489,276951503173;564,776822284933;True;True
1560308510,11029;494,452189396878;564,70580869808;True;True
1560308525,14733;496,500959792471;553,453948172936;False;True
1560308540,36152;514,417956807706;556,401870595768;True;True
1560308555,22218;512,046999289316;551,482740889698;True;True
1560308570,86363;512,298459179945;555,591860764758;True;True
1560308585,38483;514,99884841433;551,414029751633;True;True
1560308616,19752;519,168271478023;554,988402477117;False;True
1560308629,97061;521,382948371643;554,667819922378;True;True
1560308645,22661;525,715439421207;552,001250434959;True;True
1560308660,3891;522,252231615795;546,935386803275;False;True
1560308675,29918;528,035428303612;547,466213747697;False;True
1560308690,68404;535,21387408127;548,894541380689;True;True
1560308705,539;531,772174839514;551,718425789853;True;True
1560308720,68476;536,763819761664;552,34361201582;True;True
1560308735,59598;534,272989852199;555,067228492839;True;True
1560308766,14447;563,50236935646;557,168304530348;True;True
1560308780,31937;571,447524110439;551,859823529645;True;True
1560308795,16672;568,784650341252;551,450185848637;False;True
1560308810,12089;576,302306647724;549,822933168621;False;True
1560308825,29289;577,76940798822;553,376165837019;True;True
1560308839,91938;576,543468566064;551,707542390657;False;True
1560308855,11494;573,764011424202;551,258640247662;True;True
1560308870,63742;582,537616041087;543,149715819271;True;True
1560308885,21411;575,887090736188;544,430993016609;False;True
1560308916,51908;574,799118129039;543,313288580515;True;True
1560308930,49934;570,81758332516;548,444387700049;False;True
1560308945,16537;574,48651838659;549,561100396957;False;True
1560308960,43582;600,503627464237;566,633504392486;True;True
1560308977,78105;598,670092439325;571,319523279577;False;True
1560308993,32785;605,487745163265;568,88352795966;False;True
1560309011,31703;609,399713048748;567,522027014197;True;True
1560309038,02919;611,232777099775;566,637263502367;True;True
1560309069,24292;634,208649607314;540,932503195452;False;True
1560309082,82329;632,286731112537;542,146835798025;False;True
1560309095,96687;630,401706637331;542,75273410546;True;True
1560309110,76139;631,298866436422;544,217369020506;False;True
1560309125,75433;635,042865172934;547,361876521447;True;True
1560309140,88147;643,853376919273;536,948195270655;True;True
1560309155,84552;635,679563429731;535,726397334171;True;True
1560309171,07187;630,160061580032;533,618328129904;False;True
1560309185,92379;638,090955788554;534,474916696407;True;True
1560309216,76917;650,273186450513;531,363934247525;True;True
1560309230,89275;667,383542544409;533,556287877789;True;True
1560309260,50915;701,481325613141;536,363357351982;True;True
1560309275,76895;692,649893480344;542,736441713306;True;True
1560309305,65182;700,755211878265;554,048375958579;True;True
1560309321,52593;699,065708992319;549,503507115164;True;True
1560309366,85525;706,396573210909;560,333149412356;True;True
1560309395,59696;694,824319704732;550,434863687833;True;True
1560309410,64807;696,910685562899;539,415508885037;True;True
1560309440,67159;715,779802512563;527,141765410436;True;True
1560309455,79265;713,017412415732;529,810924887094;True;True
1560309485,80135;726,971587150133;533,886350110313;True;True
1560309530,72963;754,275174354288;543,296662958301;True;True
1560309545,77808;753,038685953798;540,329390763538;True;True
1560309575,78412;745,728989973402;532,974625834922;True;True
1560309590,80291;744,87046013037;534,551510269228;True;True
1560309620,73369;746,632149983661;542,599628553549;True;True
1560309636,28391;745,108146614319;538,381785364772;True;True
1560309666,66705;749,270725081169;539,284831587087;True;True
1560309680,70129;756,753525043706;532,359151152272;True;True
1560309710,65449;731,182891238067;536,735660924209;True;True
1560309725,75768;727,370947509761;535,756752276856;True;True
1560309741,31513;604,838065232785;537,882021557144;False;True
1560309755,37408;552,813746381689;543,56956383754;False;True
1560309770,81102;533,362656255823;562,017198819132;True;True
1560309786,47149;522,256108941644;563,955996552032;True;True
1560309816,71664;508,803296810362;571,742043757175;True;True
1560309845,59139;545,784607536645;569,400223607065;True;False
1560309860,63946;542,126277529874;572,783034849672;True;True
1560309875,60313;530,686759556356;572,608487807798;False;True
1560309890,53488;513,219351960008;583,841503673465;True;False
1560309905,6776;513,001228758381;596,116146493611;True;False
1560309920,62341;512,198628783611;608,007556243896;False;True
1560309935,50764;509,539181499074;623,152158723015;True;True
1560309980,23292;507,85653404133;618,016538218379;True;True
1560309994,84003;505,414679912473;600,904015149396;True;True
1560310009,88392;489,312641423821;575,200446014037;False;True
1560310025,08024;484,947782608155;565,144466951383;True;True
1560310040,46434;491,794361332729;567,15962237871;True;True
1560310054,83919;507,977409566261;563,839080284831;True;True
1560310070,20049;518,504423282093;564,478091671539;False;True
1560310085,3702;526,670485889976;562,48508487079;True;True
1560310116,12435;536,738262410424;571,533346626148;True;True
1560310130,20268;541,352892767624;564,203078061589;True;True
1560310144,81778;535,703001994917;566,344133889012;False;True
1560310160,19808;540,945581662809;564,13756734804;True;True
1560310175,39098;537,648967584597;566,63576537413;True;True
1560310205,27081;537,923533389399;575,39085677846;True;True
1560310220,22727;532,965165341327;573,736638608604;True;True
1560310234,99555;531,258084662285;561,971001890364;False;True
1560310266,1994;545,988123803018;569,612763030004;True;True
1560310295,0274;550,329720029725;567,321794084217;True;True
1560310310,3389;571,257315257017;561,631744738694;True;True
1560310324,92434;577,031983816039;564,196260743474;False;True
1560310340,18529;580,25815404529;562,768659439041;True;True
1560310355,26034;583,583220746964;561,932943033035;True;True
1560310370,18296;584,769961423922;558,446723903258;True;True
1560310385,0862;587,44329686506;557,304529363359;True;True
1560310416,46073;576,086133457702;562,708028858203;False;True
1560310430,2456;576,156292200496;563,152211459165;False;True
1560310445,01047;583,079479918847;573,167739492193;True;True
1560310459,77913;584,261484932775;573,345262382566;True;True
1560310475,51601;592,422955883857;574,387663606754;True;True
1560310490,22271;598,253931520301;575,276118552985;True;True
1560310505,01342;595,696959594887;576,324135529639;False;True
1560310519,98014;597,1164476064;575,327713405151;False;True
